source_file,title,description,url
page-11.html,100M EEZ Buffer Cook Islands,Forum Fisheries Agency (FFA) Dataset,https://pacificdata.org/data/dataset/100m-eez-buffer-cook-islands
page-11.html,100M EEZ Buffer Tokelau,Forum Fisheries Agency (FFA) Dataset,https://pacificdata.org/data/dataset/100m-eez-buffer-tokelau
page-11.html,Adaptation to Climate Change,Cook Islands Environment Data Portal Dataset,https://pacificdata.org/data/dataset/adaptation-to-climate-change064e426b-58a9-4f9f-ad01-99c0501f7924
page-01.html,Agricultural Crops in Samoa,"SPC Geoscience, Energy and Maritime Division (GEM) Dataset",https://pacificdata.org/data/dataset/pcrafi-ii-samoa-crops-152
page-01.html,Agricultural Crops in Solomon Islands,"SPC Geoscience, Energy and Maritime Division (GEM) Dataset",https://pacificdata.org/data/dataset/pcrafi-ii-solomon-crops-160
page-01.html,Agricultural Crops in Vanuatu,"SPC Geoscience, Energy and Maritime Division (GEM) Dataset",https://pacificdata.org/data/dataset/pcrafi-ii-vanuatu-crops-9
page-03.html,Agricultural Crops of Tonga,"SPC Geoscience, Energy and Maritime Division (GEM) Dataset",https://pacificdata.org/data/dataset/pcrafi-ii-tonga-crops-355
page-09.html,Aires protégées en Province Nord,Open Data Nouvelle-Calédonie Dataset,https://pacificdata.org/data/dataset/aires-protegees-en-province-nord-yv8r11
page-10.html,Aires protégées en Province Sud,Open Data Nouvelle-Calédonie Dataset,https://pacificdata.org/data/dataset/aires-protegees-en-province-sud-kyanq4
page-05.html,Airport Exposure Data on Cook Islands,"SPC Geoscience, Energy and Maritime Division (GEM) Dataset",https://pacificdata.org/data/dataset/ck-aiports-2024-857
page-05.html,Airport Exposure Data on Samoa,"SPC Geoscience, Energy and Maritime Division (GEM) Dataset",https://pacificdata.org/data/dataset/ws-aiports-2024-858
page-05.html,Airport Exposure Data on Solomon Islands,"SPC Geoscience, Energy and Maritime Division (GEM) Dataset",https://pacificdata.org/data/dataset/sb-aiports-2024-854
page-05.html,Airport Exposure Data on Vanuatu,"SPC Geoscience, Energy and Maritime Division (GEM) Dataset",https://pacificdata.org/data/dataset/vu-aiports-2024-856
page-06.html,Airport Replacement Value on Samoa,"SPC Geoscience, Energy and Maritime Division (GEM) Dataset",https://pacificdata.org/data/dataset/ws-airport-values-1010
page-02.html,Airports in Tonga,"SPC Geoscience, Energy and Maritime Division (GEM) Dataset",https://pacificdata.org/data/dataset/pcrafi-ii-tonga-airport-222
page-08.html,Annual Average Loss at district level for Samoa,"SPC Geoscience, Energy and Maritime Division (GEM) Dataset",https://pacificdata.org/data/dataset/ws-district-aal-465
page-08.html,Annual Average Loss at electoral boundary level for Cook Islands,"SPC Geoscience, Energy and Maritime Division (GEM) Dataset",https://pacificdata.org/data/dataset/ck-electoralboundary-aal-382
page-07.html,Annual Average Loss at village level Niue,"SPC Geoscience, Energy and Maritime Division (GEM) Dataset",https://pacificdata.org/data/dataset/nu-village-aal-275
page-08.html,Annual Average Loss at village level for Fiji,"SPC Geoscience, Energy and Maritime Division (GEM) Dataset",https://pacificdata.org/data/dataset/fj-tikina-aal-447
page-07.html,Annual Average Loss for Federated States of Micronesia,"SPC Geoscience, Energy and Maritime Division (GEM) Dataset",https://pacificdata.org/data/dataset/fm-municipality-aal-44
page-07.html,Annual Average Loss for Marshall Islands,"SPC Geoscience, Energy and Maritime Division (GEM) Dataset",https://pacificdata.org/data/dataset/mh-atoll-aal-142
page-07.html,Annual Average Loss for Palau,"SPC Geoscience, Energy and Maritime Division (GEM) Dataset",https://pacificdata.org/data/dataset/pw-state-aal-168
page-07.html,Annual Average Loss for Papua New Guinea,"SPC Geoscience, Energy and Maritime Division (GEM) Dataset",https://pacificdata.org/data/dataset/pg-localgovernmentlevel-aal-161
page-08.html,Annual Average Loss for Solomon Islands,"SPC Geoscience, Energy and Maritime Division (GEM) Dataset",https://pacificdata.org/data/dataset/sb-ward-aal-365
page-07.html,Annual Average Loss for Timor-Leste,"SPC Geoscience, Energy and Maritime Division (GEM) Dataset",https://pacificdata.org/data/dataset/tl-subdistrict-aal-131
page-07.html,Annual Average Loss for Tonga,"SPC Geoscience, Energy and Maritime Division (GEM) Dataset",https://pacificdata.org/data/dataset/to-village-aal-151
page-07.html,Annual Average Loss for Tuvalu,"SPC Geoscience, Energy and Maritime Division (GEM) Dataset",https://pacificdata.org/data/dataset/tv-island-aal-70
page-07.html,Annual Average Loss for Vanuatu,"SPC Geoscience, Energy and Maritime Division (GEM) Dataset",https://pacificdata.org/data/dataset/vu-areacouncil-aal-312
page-07.html,Annual Average Loss from Tropical Cyclones and Earthquakes at district level for Papua New Guinea,"SPC Geoscience, Energy and Maritime Division (GEM) Dataset",https://pacificdata.org/data/dataset/pg-localgovernmentlevel-aal-tc-eq-267
page-07.html,Annual Average Loss from Tropical Cyclones and Earthquakes at district level for Samoa,"SPC Geoscience, Energy and Maritime Division (GEM) Dataset",https://pacificdata.org/data/dataset/ws-district-aal-tc-eq-259
page-07.html,Annual Average Loss from Tropical Cyclones and Earthquakes at village level for Nauru,"SPC Geoscience, Energy and Maritime Division (GEM) Dataset",https://pacificdata.org/data/dataset/nr-district-aal-tc-eq-299
page-08.html,Annual Average Loss from Tropical Cyclones and Earthquakes at village level for Niue,"SPC Geoscience, Energy and Maritime Division (GEM) Dataset",https://pacificdata.org/data/dataset/nu-village-aal-tc-eq-493
page-07.html,Annual Average Loss from Tropical Cyclones and Earthquakes at village level for Tonga,"SPC Geoscience, Energy and Maritime Division (GEM) Dataset",https://pacificdata.org/data/dataset/to-village-aal-tc-eq-166
page-08.html,Annual Average Loss from Tropical Cyclones and Earthquakes at ward level for Solomon Islands,"SPC Geoscience, Energy and Maritime Division (GEM) Dataset",https://pacificdata.org/data/dataset/sb-ward-aal-tc-eq-400
page-07.html,Annual Average Loss from Tropical Cyclones and Earthquakes for Federated States of Micronesia,"SPC Geoscience, Energy and Maritime Division (GEM) Dataset",https://pacificdata.org/data/dataset/fm-municipality-aal-tc-eq-256
page-08.html,Annual Average Loss from Tropical Cyclones and Earthquakes for Fiji,"SPC Geoscience, Energy and Maritime Division (GEM) Dataset",https://pacificdata.org/data/dataset/fj-tikina-aal-tc-eq-486
page-08.html,Annual Average Loss from Tropical Cyclones and Earthquakes for Kiribati,"SPC Geoscience, Energy and Maritime Division (GEM) Dataset",https://pacificdata.org/data/dataset/ki-island-aal-tc-eq-1751
page-08.html,Annual Average Loss from Tropical Cyclones and Earthquakes for Marshall Islands,"SPC Geoscience, Energy and Maritime Division (GEM) Dataset",https://pacificdata.org/data/dataset/mh-atoll-aal-tc-eq-341
page-08.html,Annual Average Loss from Tropical Cyclones and Earthquakes for Palau,"SPC Geoscience, Energy and Maritime Division (GEM) Dataset",https://pacificdata.org/data/dataset/pw-state-aal-tc-eq-367
page-07.html,Annual Average Loss from Tropical Cyclones and Earthquakes for Timor-Leste,"SPC Geoscience, Energy and Maritime Division (GEM) Dataset",https://pacificdata.org/data/dataset/tl-subdistrict-aal-tc-eq-91
page-08.html,Annual Average Loss from Tropical Cyclones and Earthquakes for Tuvalu,"SPC Geoscience, Energy and Maritime Division (GEM) Dataset",https://pacificdata.org/data/dataset/tv-island-aal-tc-eq-366
page-10.html,Articles de service-public.nc,Open Data Nouvelle-Calédonie Dataset,https://pacificdata.org/data/dataset/spnc-article-iknd1i
page-05.html,Bridge Exposure Data on Cook Islands,"SPC Geoscience, Energy and Maritime Division (GEM) Dataset",https://pacificdata.org/data/dataset/ck-bridge-2024-859
page-05.html,Bridge Exposure Data on Solomon Islands,"SPC Geoscience, Energy and Maritime Division (GEM) Dataset",https://pacificdata.org/data/dataset/sb-bridge-2024-862
page-05.html,Bridge Exposure Data on Tonga,"SPC Geoscience, Energy and Maritime Division (GEM) Dataset",https://pacificdata.org/data/dataset/to-bridge-2024-860
page-05.html,Bridge Exposure Data on Vanuatu,"SPC Geoscience, Energy and Maritime Division (GEM) Dataset",https://pacificdata.org/data/dataset/vu-bridge-2024-861
page-07.html,Bridge Replacement Value on Cook Islands,"SPC Geoscience, Energy and Maritime Division (GEM) Dataset",https://pacificdata.org/data/dataset/cki-bridge-values-1395
page-07.html,Bridge Replacement Value on Samoa,"SPC Geoscience, Energy and Maritime Division (GEM) Dataset",https://pacificdata.org/data/dataset/ws-bridge-values-1011
page-04.html,Bridge Replacement Value on Vanuatu,"SPC Geoscience, Energy and Maritime Division (GEM) Dataset",https://pacificdata.org/data/dataset/vu-bridge-values-768
page-01.html,Bridges in Solomon Islands,"SPC Geoscience, Energy and Maritime Division (GEM) Dataset",https://pacificdata.org/data/dataset/pcrafi-ii-solomon-bridge-63
page-01.html,Bridges in Tonga,"SPC Geoscience, Energy and Maritime Division (GEM) Dataset",https://pacificdata.org/data/dataset/pcrafi-ii-tonga-bridges-54
page-01.html,Bridges in Vanuatu,"SPC Geoscience, Energy and Maritime Division (GEM) Dataset",https://pacificdata.org/data/dataset/pcrafi-ii-vanuatu-bridge-137
page-01.html,Building Footprints for Vanuatu,"SPC Geoscience, Energy and Maritime Division (GEM) Dataset",https://pacificdata.org/data/dataset/pcrafi-ii-vanuatu-buildings-polygon-29
page-04.html,Building Footprints in Guadalcanal,"SPC Geoscience, Energy and Maritime Division (GEM) Dataset",https://pacificdata.org/data/dataset/pcrafi-ii-guadalcanal-buildings-432
page-04.html,Building Footprints in Tonga,"SPC Geoscience, Energy and Maritime Division (GEM) Dataset",https://pacificdata.org/data/dataset/pcrafi-ii-tonga-buildings-475
page-01.html,Building Points for Samoa,"SPC Geoscience, Energy and Maritime Division (GEM) Dataset",https://pacificdata.org/data/dataset/pcrafi-ii-samoa-buildings-points-77
page-03.html,Building Points for Solomon Islands,"SPC Geoscience, Energy and Maritime Division (GEM) Dataset",https://pacificdata.org/data/dataset/pcrafi-ii-solomon-building-points-404
page-03.html,Building Points for Vanuatu,"SPC Geoscience, Energy and Maritime Division (GEM) Dataset",https://pacificdata.org/data/dataset/pcrafi-ii-vanuatu-buildings-points-300
page-08.html,Building impact from coastal inundation on Tuvalu,"SPC Geoscience, Energy and Maritime Division (GEM) Dataset",https://pacificdata.org/data/dataset/full-probablistic-slr-results-building-impact-tuvalu-1368
page-03.html,Buildings Exposure in Fiji,"SPC Geoscience, Energy and Maritime Division (GEM) Dataset",https://pacificdata.org/data/dataset/fj-bldexp-verified-171
page-08.html,Buildings impact from coastal inundation on Tonga,"SPC Geoscience, Energy and Maritime Division (GEM) Dataset",https://pacificdata.org/data/dataset/to-full-probabilistic-slr-buildings-impact-1502
page-02.html,Buildings in Samoa,"SPC Geoscience, Energy and Maritime Division (GEM) Dataset",https://pacificdata.org/data/dataset/pcrafi-ii-samoa-buildings-177
page-10.html,"Catalogue des outils pédagogiques et de sensibilisation ""Eau""",Open Data Nouvelle-Calédonie Dataset,https://pacificdata.org/data/dataset/catalogue-outils-sensibilisation-eau-2bl49t
page-09.html,Catégories de service-public.nc,Open Data Nouvelle-Calédonie Dataset,https://pacificdata.org/data/dataset/spnc-categorie-lkg349
page-08.html,Coastal flood maps Tuvalu ARI100 SLR 1.0,"SPC Geoscience, Energy and Maritime Division (GEM) Dataset",https://pacificdata.org/data/dataset/tv-coastalfloodmap-ari100-s10-580
page-08.html,Coastal flood maps Tuvalu ARI100 SLR 1.5,"SPC Geoscience, Energy and Maritime Division (GEM) Dataset",https://pacificdata.org/data/dataset/tv-coastalfloodmap-ari100-s15-561
page-08.html,Coastal flood maps on Tuvalu ARI100 SLR 0.0,"SPC Geoscience, Energy and Maritime Division (GEM) Dataset",https://pacificdata.org/data/dataset/tv-coastalfloodmap-ari100-s00-567
page-08.html,Coastal flood maps on Tuvalu ARI100 SLR 0.5,"SPC Geoscience, Energy and Maritime Division (GEM) Dataset",https://pacificdata.org/data/dataset/tv-coastalfloodmap-ari100-s05-569
page-10.html,Comptage des invertébrés de la Province des Iles depuis 2004,Open Data Nouvelle-Calédonie Dataset,https://pacificdata.org/data/dataset/comptage-des-invertebres-de-la-province-des-iles-depuis-2004-9mfwgd
page-09.html,Comptage des poissons de la Province des Iles depuis 2004,Open Data Nouvelle-Calédonie Dataset,https://pacificdata.org/data/dataset/comptage-des-poissons-de-la-province-des-iles-depuis-2004-yx18hi
page-10.html,Comptage des substrats de la Province des Iles depuis 2004,Open Data Nouvelle-Calédonie Dataset,https://pacificdata.org/data/dataset/pil_jdd_substrats-4cf82y
page-09.html,Contacts de service-public.nc,Open Data Nouvelle-Calédonie Dataset,https://pacificdata.org/data/dataset/spnc-contact-8jwd4n
page-11.html,Cook Islands 50 Nautical Mile Zone,Forum Fisheries Agency (FFA) Dataset,https://pacificdata.org/data/dataset/cook-islands-mpa
page-04.html,Crop Asset Replacement Value on Cook Islands,"SPC Geoscience, Energy and Maritime Division (GEM) Dataset",https://pacificdata.org/data/dataset/cook-islands-agriculture-exposure-data-835
page-06.html,Crop Asset Replacement Value on Samoa,"SPC Geoscience, Energy and Maritime Division (GEM) Dataset",https://pacificdata.org/data/dataset/samoa-agriculture-exposure-data-910
page-04.html,Crop Asset Replacement Value on Solomon Islands,"SPC Geoscience, Energy and Maritime Division (GEM) Dataset",https://pacificdata.org/data/dataset/solomon-islands-crops-replacement-value2024-838
page-04.html,Crop Asset Replacement Value on Tonga,"SPC Geoscience, Energy and Maritime Division (GEM) Dataset",https://pacificdata.org/data/dataset/tonga-crops-replacement-value2024-839
page-04.html,Crop Asset Replacement Value on Vanuatu,"SPC Geoscience, Energy and Maritime Division (GEM) Dataset",https://pacificdata.org/data/dataset/vanuatu-crops-replacement-value2024-836
page-09.html,Data on ODS consumption in RMI,Republic of Marshall Islands Environment Data Portal Dataset,https://pacificdata.org/data/dataset/data-on-ods-consumption-in-rmic55187ce-8536-4603-bedc-6d83a6bc5d34
page-02.html,Electricity Assets in Samoa,"SPC Geoscience, Energy and Maritime Division (GEM) Dataset",https://pacificdata.org/data/dataset/pcrafi-ii-samoa-electricity-257
page-03.html,Electricity Assets in Solomon Islands,"SPC Geoscience, Energy and Maritime Division (GEM) Dataset",https://pacificdata.org/data/dataset/pcrafi-ii-solomon-electricity-359
page-03.html,Electricity Assets in Tonga,"SPC Geoscience, Energy and Maritime Division (GEM) Dataset",https://pacificdata.org/data/dataset/pcrafi-ii-tonga-electricity-305
page-04.html,Electricity Assets in Vanuatu,"SPC Geoscience, Energy and Maritime Division (GEM) Dataset",https://pacificdata.org/data/dataset/pcrafi-ii-vanuatu-electricity-456
page-05.html,Electricity on Samoa in 2024,"SPC Geoscience, Energy and Maritime Division (GEM) Dataset",https://pacificdata.org/data/dataset/ws-power-poles-2024-882
page-05.html,Electricity on Samoa in 2024,"SPC Geoscience, Energy and Maritime Division (GEM) Dataset",https://pacificdata.org/data/dataset/ws-power-network-2024-885
page-05.html,Electricity on Tonga in 2024,"SPC Geoscience, Energy and Maritime Division (GEM) Dataset",https://pacificdata.org/data/dataset/to-power-poles-2024-881
page-05.html,Electricity on Tonga in 2024,"SPC Geoscience, Energy and Maritime Division (GEM) Dataset",https://pacificdata.org/data/dataset/to-power-network-2024-884
page-05.html,Electricity on Vanuatu in 2024,"SPC Geoscience, Energy and Maritime Division (GEM) Dataset",https://pacificdata.org/data/dataset/vu-power-poles-2024-880
page-02.html,Federated States of Micronesia Exclusive Economic Zone (200 Nautical Miles),FSM National Oceanic Resource Management Authority (NORMA) Dataset,https://pacificdata.org/data/dataset/federated-states-of-micronesia-exclusive-economic-zone-200-nautical-miles
page-10.html,Fiches pratiques de service-public.nc,Open Data Nouvelle-Calédonie Dataset,https://pacificdata.org/data/dataset/spnc-fiche-pratique-b0x7xc
page-11.html,Fiji Land Use Land Cover Labels,Livelihoods and Landscapes Project Dataset,https://pacificdata.org/data/dataset/fiji-land-use-land-cover-labels
page-11.html,Fiji Land Use Land Cover Test Dataset,Livelihoods and Landscapes Project Dataset,https://pacificdata.org/data/dataset/fiji-land-use-land-cover-test-dataset
page-01.html,Fuel Infrastructure in Samoa,"SPC Geoscience, Energy and Maritime Division (GEM) Dataset",https://pacificdata.org/data/dataset/ws-fuel-facility-2024-865
page-01.html,Fuel Infrastructure in Samoa,"SPC Geoscience, Energy and Maritime Division (GEM) Dataset",https://pacificdata.org/data/dataset/pcrafi-ii-samoa-fuel-148
page-03.html,Fuel Infrastructure in Vanuatu,"SPC Geoscience, Energy and Maritime Division (GEM) Dataset",https://pacificdata.org/data/dataset/pcrafi-ii-vanuatu-fuel-396
page-07.html,Fuel Replacement Value on Samoa,"SPC Geoscience, Energy and Maritime Division (GEM) Dataset",https://pacificdata.org/data/dataset/ws-fuel-values-1012
page-11.html,GCF RTP Indicative workplan,"SPC Fisheries, Aquaculture and Marine Ecosystems division (FAME) Dataset",https://pacificdata.org/data/dataset/gcf-rtp-indicative-workplan
page-10.html,GHG Emmisions by Agriculture and its sub-sectors 1990 - 2016,Solomon Islands Environment Data Portal Dataset,https://pacificdata.org/data/dataset/ghg-emmisions-by-agriculture-and-its-sub-sectors-1990-20160f70409f-6b01-4513-925f-0993740e9d5b
page-11.html,Gridded Bathymetry Data,General Bathymetric Chart of the Oceans (GEBCO) Dataset,https://pacificdata.org/data/dataset/gebco-global-bathymetric-grid
page-09.html,Ilôts en Province Sud,Open Data Nouvelle-Calédonie Dataset,https://pacificdata.org/data/dataset/ilots-en-province-sud-g4hmig
page-06.html,Infrastructure Replacement Value by District on Samoa,"SPC Geoscience, Energy and Maritime Division (GEM) Dataset",https://pacificdata.org/data/dataset/pcrafi-12-ws-adm2-infrastructure-totalvalue2024-1002
page-04.html,Infrastructure Replacement Value on Cook Islands,"SPC Geoscience, Energy and Maritime Division (GEM) Dataset",https://pacificdata.org/data/dataset/cook-islands-infrastructure-replacement-value2024-850
page-05.html,Infrastructure Replacement Value on Samoa,"SPC Geoscience, Energy and Maritime Division (GEM) Dataset",https://pacificdata.org/data/dataset/samoa-infrastructure-replacement-value2024-851
page-05.html,Infrastructure Replacement Value on Solomon Islands,"SPC Geoscience, Energy and Maritime Division (GEM) Dataset",https://pacificdata.org/data/dataset/solomon-islands-infrastructure-replacementvalue2024-853
page-04.html,Infrastructure Replacement Value on Tonga,"SPC Geoscience, Energy and Maritime Division (GEM) Dataset",https://pacificdata.org/data/dataset/tonga-infrastructure-replacement-value2024-849
page-05.html,Infrastructure Replacement Value on Vanuatu,"SPC Geoscience, Energy and Maritime Division (GEM) Dataset",https://pacificdata.org/data/dataset/vanuatu-infrastructure-replacement-value2024-852
page-10.html,Installations classées pour la protection de l’environnement (ICPE) de la Province Sud,Open Data Nouvelle-Calédonie Dataset,https://pacificdata.org/data/dataset/icpe-province-sud-uw48ts
page-10.html,Liens utiles de service-public.nc,Open Data Nouvelle-Calédonie Dataset,https://pacificdata.org/data/dataset/spnc-lien-utile-7j2m2g
page-10.html,Liste des poissons d'ornement d'eau douce pour aquarium autorisés et interdits à l'importation,Open Data Nouvelle-Calédonie Dataset,https://pacificdata.org/data/dataset/poissons_ornement_aquarium-8l1108
page-10.html,"Liste des végétaux destinés à la plantation, autorisés et interdits à l’importation en Nouvelle-Calédonie",Open Data Nouvelle-Calédonie Dataset,https://pacificdata.org/data/dataset/vegetaux_destines_a_la_plantation_autorises_et_interdits_a_l_importation_en_nc-fmpvsi
page-09.html,"Livestock : Piglet Distribution on Outer Islands, 2015",Republic of Marshall Islands Environment Data Portal Dataset,https://pacificdata.org/data/dataset/livestock-piglet-distribution-on-outer-islands-201527da13d6-da8b-4095-ae3f-e761cf05fb94
page-01.html,Livestock in Samoa,"SPC Geoscience, Energy and Maritime Division (GEM) Dataset",https://pacificdata.org/data/dataset/pcrafi-ii-samoa-livestock-121
page-01.html,Livestock in Solomon Islands,"SPC Geoscience, Energy and Maritime Division (GEM) Dataset",https://pacificdata.org/data/dataset/pcrafi-ii-solomon-livestock-115
page-03.html,Livestock in Tonga,"SPC Geoscience, Energy and Maritime Division (GEM) Dataset",https://pacificdata.org/data/dataset/pcrafi-ii-vanuatu-livestock-352
page-11.html,Millennium Coral Reef Mapping - Vanuatu,Institute for Marine Remote Sensing Dataset,https://pacificdata.org/data/dataset/millennium-coral-reef-mapping-vanuatu
page-02.html,National Statement for Tropical Cyclone Season 2018 - 2019,Samoa Environment Data Portal Dataset,https://pacificdata.org/data/dataset/national-statement-for-tropical-cyclone-season-2018-2019400f6840-7d6a-45c8-9327-a1bad1f13f7c
page-11.html,Niuafo'ou Rainfall data,Tonga Environment Data Portal Dataset,https://pacificdata.org/data/dataset/niuafoou-rainfall-dataed320ee6-4142-40fc-aa1e-ed70545a507d
page-06.html,Non-residential Building Class Replacement Value on Cook Islands in 2024,"SPC Geoscience, Energy and Maritime Division (GEM) Dataset",https://pacificdata.org/data/dataset/pcrafi-ck-non-residential-bld-class2024-915
page-06.html,Non-residential Building Class Replacement Value on Samoa in 2024,"SPC Geoscience, Energy and Maritime Division (GEM) Dataset",https://pacificdata.org/data/dataset/pcrafi-ws-non-residential-bld-class-2024-923
page-06.html,Non-residential Building Class Replacement Value on Solomon Islands in 2024,"SPC Geoscience, Energy and Maritime Division (GEM) Dataset",https://pacificdata.org/data/dataset/pcrafi-sb-non-residential-bld-class-2024-917
page-06.html,Non-residential Building Class Replacement Value on Tonga in 2024,"SPC Geoscience, Energy and Maritime Division (GEM) Dataset",https://pacificdata.org/data/dataset/pcrafi-to-non-residential-bld-class-2024-919
page-06.html,Non-residential Building Class Replacement Value on Vanuatu in 2024,"SPC Geoscience, Energy and Maritime Division (GEM) Dataset",https://pacificdata.org/data/dataset/pcrafi-vu-non-residential-bld-class-2024-921
page-04.html,Non-residential Buildings Replacement Value on Cook Islands,"SPC Geoscience, Energy and Maritime Division (GEM) Dataset",https://pacificdata.org/data/dataset/cook-islands-non-residential-repacement-value2024-844
page-04.html,Non-residential Buildings Replacement Value on Samoa,"SPC Geoscience, Energy and Maritime Division (GEM) Dataset",https://pacificdata.org/data/dataset/samoa-non-residential-replacement-value2024-846
page-04.html,Non-residential Buildings Replacement Value on Solomon Islands,"SPC Geoscience, Energy and Maritime Division (GEM) Dataset",https://pacificdata.org/data/dataset/solomon-islands-non-residential-replacement-value2024-848
page-04.html,Non-residential Buildings Replacement Value on Tonga,"SPC Geoscience, Energy and Maritime Division (GEM) Dataset",https://pacificdata.org/data/dataset/tonga-non-residential-replacement-value2024-845
page-04.html,Non-residential Buildings Replacement Value on Vanuatu,"SPC Geoscience, Energy and Maritime Division (GEM) Dataset",https://pacificdata.org/data/dataset/vanuatu-non-residential-replacement-value2024-847
page-10.html,ODS Consumption Trends,Palau Environment Data Portal Dataset,https://pacificdata.org/data/dataset/ods-consumption-trends3c145dc8-bc41-450e-b385-05283981acc4
page-09.html,"ODS Consumption Trends, 2011 - 2017",Tuvalu Environment Data Portal Dataset,https://pacificdata.org/data/dataset/ods-consumption-trends-2011-2017d91f4522-3f00-45a5-90e3-79d8afb8af6d
page-10.html,"ODS Consumption Trends, 2011 - 2017",Solomon Islands Environment Data Portal Dataset,https://pacificdata.org/data/dataset/ods-consumption-trends-2011-20174ddb53e6-bd17-4bd2-a9d4-202da94fb33d
page-09.html,"ODS Consumption in ODP, 2012 - 2017",Kiribati Environment Data Portal Dataset,https://pacificdata.org/data/dataset/ods-consumption-in-odp-2012-20174eaf89ca-b530-4572-bc0b-e6874137c2ab
page-06.html,Ozone,Federated States of Micronesia Environment Data Portal Dataset,https://pacificdata.org/data/dataset/ozone7ed45b8c-70b3-4500-ba05-45407d7beeb7
page-09.html,Ozone Depleting Substances (ODS) Greenhouse Gases,Cook Islands Environment Data Portal Dataset,https://pacificdata.org/data/dataset/ozone-depleting-substances-ods-greenhouse-gases5c04f215-a20e-42b8-be13-9d557e4151d6
page-11.html,"PNG Forest cover, log exports and concessions statistics",Papua New Guinea Data Portal Dataset,https://pacificdata.org/data/dataset/png-forest-cover-log-exports-and-concessions-statistics47888cc8-759f-4e9b-976a-34f4a9574b7b
page-11.html,Pacific island region spatial data,Secretariat of the Pacific Regional Environment Programme (SPREP) Dataset,https://pacificdata.org/data/dataset/pacific-island-region-spatial-data48d9036d-04cb-4cb0-8aa8-b16197985b6a
page-09.html,Parcelles cadastrales NC,Open Data Nouvelle-Calédonie Dataset,https://pacificdata.org/data/dataset/parcelles-cadastrales-nc-xzgbbz
page-11.html,Percentage of Population within 1 5 & 10km Coastal Buffers,SPC Statistics for Development Division (SDD) Dataset,https://pacificdata.org/data/dataset/percentage-of-population-within-1-5-10km-coastal-buffers
page-11.html,Phoenix Islands Protected Area - PIPA (Kiribati),Forum Fisheries Agency (FFA) Dataset,https://pacificdata.org/data/dataset/phoenix-islands-protected-area-pipa-kiribati
page-10.html,Plages en Province Nord,Open Data Nouvelle-Calédonie Dataset,https://pacificdata.org/data/dataset/plages-en-province-nord-k9d8v1
page-10.html,Plages en Province Sud,Open Data Nouvelle-Calédonie Dataset,https://pacificdata.org/data/dataset/plages-en-province-sud-jhvguw
page-09.html,Pohnpei Adaptation Fund (AF) Project,Federated States of Micronesia Environment Data Portal Dataset,https://pacificdata.org/data/dataset/pohnpei-adaptation-fund-af-project7debe369-ddea-4163-a03d-85446c1370a3
page-01.html,Port Facilities in Cook Islands,"SPC Geoscience, Energy and Maritime Division (GEM) Dataset",https://pacificdata.org/data/dataset/ck-port-facility-2024-868
page-01.html,Port Facilities in Samoa,"SPC Geoscience, Energy and Maritime Division (GEM) Dataset",https://pacificdata.org/data/dataset/ws-port-facility-2024-867
page-01.html,Port Facilities in Solomon Islands,"SPC Geoscience, Energy and Maritime Division (GEM) Dataset",https://pacificdata.org/data/dataset/sb-port-facility-2024-869
page-03.html,Port Facilities in Solomon Islands,"SPC Geoscience, Energy and Maritime Division (GEM) Dataset",https://pacificdata.org/data/dataset/pcrafi-ii-solomon-ports1-390
page-01.html,Port Facilities in Tonga,"SPC Geoscience, Energy and Maritime Division (GEM) Dataset",https://pacificdata.org/data/dataset/to-port-facility-2024-866
page-04.html,Port Facilities in Tonga,"SPC Geoscience, Energy and Maritime Division (GEM) Dataset",https://pacificdata.org/data/dataset/pcrafi-ii-tonga-ports-483
page-01.html,Port Facilities in Vanuatu,"SPC Geoscience, Energy and Maritime Division (GEM) Dataset",https://pacificdata.org/data/dataset/vu-port-facility-2024-870
page-02.html,Port Facilities in Vanuatu,"SPC Geoscience, Energy and Maritime Division (GEM) Dataset",https://pacificdata.org/data/dataset/pcrafi-ii-vanuatu-ports-facilities-218
page-07.html,Port Replacement Value on Samoa,"SPC Geoscience, Energy and Maritime Division (GEM) Dataset",https://pacificdata.org/data/dataset/ws-port-values-1013
page-10.html,Post Disaster Assessment report - Pam,Vanuatu Environment Data Portal Dataset,https://pacificdata.org/data/dataset/post-disaster-assessment-report-pam85b7d6f5-e2be-4016-841a-a61b7535f7e0
page-06.html,Post Disaster Needs Assessment - Cyclon Gita 2018,Tonga Environment Data Portal Dataset,https://pacificdata.org/data/dataset/post-disaster-needs-assessment-cyclon-gita-201852e533e1-4653-463a-bd3a-90b11dd21981
page-02.html,Post Disaster Needs Assessment - Cyclone Evan 2012,Samoa Environment Data Portal Dataset,https://pacificdata.org/data/dataset/post-disaster-needs-assessment-cyclone-evan-20127e694f0b-eae2-4179-a458-f93642be4a56
page-06.html,Post Disaster Needs Assessment - Cyclone Pam 2015,Vanuatu Environment Data Portal Dataset,https://pacificdata.org/data/dataset/post-disaster-needs-assessment-cyclone-pam-2015028d76d7-d3db-4866-b105-ca31a5cbed04
page-05.html,Power Assets on Solomon Islands in 2024,"SPC Geoscience, Energy and Maritime Division (GEM) Dataset",https://pacificdata.org/data/dataset/sb-power-assets-2024-878
page-05.html,Power Assets on Tonga in 2024,"SPC Geoscience, Energy and Maritime Division (GEM) Dataset",https://pacificdata.org/data/dataset/to-power-assets-2024-879
page-09.html,RORC Nouvelle-Calédonie - Habitats récifaux - Stations Pala Dalik,Open Data Nouvelle-Calédonie Dataset,https://pacificdata.org/data/dataset/rorc_habitats_recifaux-xxhpco
page-09.html,RORC Nouvelle-Calédonie - Invertébrés - Stations Pala Dalik,Open Data Nouvelle-Calédonie Dataset,https://pacificdata.org/data/dataset/rorc_invertebres-iibu4f
page-10.html,RORC Nouvelle-Calédonie - Poissons récifaux - Stations Pala Dalik,Open Data Nouvelle-Calédonie Dataset,https://pacificdata.org/data/dataset/rorc_poissons_recifaux-fkk9ze
page-09.html,Rainfall data Marshall Islands,Republic of Marshall Islands Environment Data Portal Dataset,https://pacificdata.org/data/dataset/rainfall-data-marshall-islands949448d6-bbeb-483a-88ec-324862ce9dda
page-09.html,Rainfall data Palau,Palau Environment Data Portal Dataset,https://pacificdata.org/data/dataset/rainfall-data-palau0d57bab6-5950-41a6-922d-17d0c949d593
page-10.html,Referentiel des invertébrés,Open Data Nouvelle-Calédonie Dataset,https://pacificdata.org/data/dataset/referentiel_invertebres-kfn47t
page-10.html,Referentiel des poissons,Open Data Nouvelle-Calédonie Dataset,https://pacificdata.org/data/dataset/referentiel_poissons-dit0q6
page-10.html,Referentiel des substrats,Open Data Nouvelle-Calédonie Dataset,https://pacificdata.org/data/dataset/referentiel_substrats-32gjfi
page-08.html,Regional Impact for ARI100 coastal inundation event on Tonga,"SPC Geoscience, Energy and Maritime Division (GEM) Dataset",https://pacificdata.org/data/dataset/to-full-probabilistic-slr-regional-impact-ari100-1499
page-08.html,Regional summary for coastal inundation on Tonga,"SPC Geoscience, Energy and Maritime Division (GEM) Dataset",https://pacificdata.org/data/dataset/to-full-probabilistic-slr-regional-summary-1500
page-09.html,Renewable energy country profile for the Solomon Islands,Solomon Islands Environment Data Portal Dataset,https://pacificdata.org/data/dataset/renewable-energy-country-profile-for-the-solomon-islands9ed50caf-2e3c-4542-b8f5-716167d16c26
page-02.html,Republic of Marshall Islands Exclusive Economic Zone (200 Nautical Miles),Marshall Islands Marine Resources Authority (MIMRA) Dataset,https://pacificdata.org/data/dataset/republic-of-marshall-islands-exclusive-economic-zone-200-nautical-miles
page-11.html,Republic of the Marshall Islands Baselines,Forum Fisheries Agency (FFA) Dataset,https://pacificdata.org/data/dataset/republic-of-the-marshall-islands-baselines
page-04.html,Residential Buildings Replacement Value on Cook Islands,"SPC Geoscience, Energy and Maritime Division (GEM) Dataset",https://pacificdata.org/data/dataset/cook-island-residential-replacement-value2024-840
page-06.html,Residential Buildings Replacement Value on Cook Islands in 2024,"SPC Geoscience, Energy and Maritime Division (GEM) Dataset",https://pacificdata.org/data/dataset/pcrafi-ck-residential-building-class-2024-916
page-04.html,Residential Buildings Replacement Value on Samoa,"SPC Geoscience, Energy and Maritime Division (GEM) Dataset",https://pacificdata.org/data/dataset/samoa-residential-replacement-value2024-841
page-06.html,Residential Buildings Replacement Value on Samoa in 2024,"SPC Geoscience, Energy and Maritime Division (GEM) Dataset",https://pacificdata.org/data/dataset/pcrafi-ws-residential-building-class-2024-925
page-04.html,Residential Buildings Replacement Value on Solomon Islands,"SPC Geoscience, Energy and Maritime Division (GEM) Dataset",https://pacificdata.org/data/dataset/solomon-residential-replacement-value2024-843
page-06.html,Residential Buildings Replacement Value on Solomon Islands in 2024,"SPC Geoscience, Energy and Maritime Division (GEM) Dataset",https://pacificdata.org/data/dataset/pcrafi-sb-residential-building-class-2024-918
page-06.html,Residential Buildings Replacement Value on Tonga,"SPC Geoscience, Energy and Maritime Division (GEM) Dataset",https://pacificdata.org/data/dataset/tonga-residential-replacement-value2024-914
page-06.html,Residential Buildings Replacement Value on Tonga in 2024,"SPC Geoscience, Energy and Maritime Division (GEM) Dataset",https://pacificdata.org/data/dataset/pcrafi-to-residential-building-class-2024-920
page-04.html,Residential Buildings Replacement Value on Vanuatu,"SPC Geoscience, Energy and Maritime Division (GEM) Dataset",https://pacificdata.org/data/dataset/vanuatu-residential-replacement-value2024-842
page-06.html,Residential Buildings Replacement Value on Vanuatu in 2024,"SPC Geoscience, Energy and Maritime Division (GEM) Dataset",https://pacificdata.org/data/dataset/pcrafi-vu-residential-building-class-2024-922
page-08.html,Road impact from coastal inundation on Tonga,"SPC Geoscience, Energy and Maritime Division (GEM) Dataset",https://pacificdata.org/data/dataset/to-full-probabilistic-slr-road-impact-1501
page-07.html,Roads Risk Assessment on Tongatapu in 2020,"SPC Geoscience, Energy and Maritime Division (GEM) Dataset",https://pacificdata.org/data/dataset/mhdra-pard-tongatapu-asset-roads-2020-224
page-01.html,Roads in Samoa,"SPC Geoscience, Energy and Maritime Division (GEM) Dataset",https://pacificdata.org/data/dataset/pcrafi-ii-samoa-roads-95
page-02.html,Roads in Solomon Islands,"SPC Geoscience, Energy and Maritime Division (GEM) Dataset",https://pacificdata.org/data/dataset/pcrafi-ii-solomon-roads-223
page-01.html,Roads in Tonga,"SPC Geoscience, Energy and Maritime Division (GEM) Dataset",https://pacificdata.org/data/dataset/pcrafi-ii-tonga-roads-55
page-03.html,Roads in Vanuatu,"SPC Geoscience, Energy and Maritime Division (GEM) Dataset",https://pacificdata.org/data/dataset/pcrafi-ii-vanuatu-roads-309
page-11.html,SEDAC data products and services,Socioeconomic Data and Applications Center (SEDAC) Dataset,https://pacificdata.org/data/dataset/sedac-data-products-and-services
page-09.html,SPREP core national environment indicators,Secretariat of the Pacific Regional Environment Programme (SPREP) Dataset,https://pacificdata.org/data/dataset/sprep-core-national-environment-indicatorsfcf79d4a-f6a7-4526-8deb-809e9b97ca7c
page-09.html,Saison administrative des feux de forêt depuis 2015,Open Data Nouvelle-Calédonie Dataset,https://pacificdata.org/data/dataset/saison-administrative-des-feux-de-foret-depuis-2015-q39fub
page-03.html,Shear Wace Velocity for Surface Soil in Marshall Islands,"SPC Geoscience, Energy and Maritime Division (GEM) Dataset",https://pacificdata.org/data/dataset/mh-soils-vs30-446
page-03.html,Shear Wave Velocity for Surface Soil in Cook Islands,"SPC Geoscience, Energy and Maritime Division (GEM) Dataset",https://pacificdata.org/data/dataset/ck-soilvs30-3-96
page-03.html,Shear Wave Velocity for Surface Soil in Fiji,"SPC Geoscience, Energy and Maritime Division (GEM) Dataset",https://pacificdata.org/data/dataset/fj-soils-vs30-361
page-03.html,Shear Wave Velocity for Surface Soil in Nauru,"SPC Geoscience, Energy and Maritime Division (GEM) Dataset",https://pacificdata.org/data/dataset/nr-soilvs30-2-434
page-03.html,Shear Wave Velocity for Surface Soil in Niue,"SPC Geoscience, Energy and Maritime Division (GEM) Dataset",https://pacificdata.org/data/dataset/nu-soilvs30-2-455
page-02.html,Shear Wave Velocity for Surface Soil in Palau,"SPC Geoscience, Energy and Maritime Division (GEM) Dataset",https://pacificdata.org/data/dataset/pw-soils-vs30-74
page-03.html,Shear Wave Velocity for Surface Soil in Samoa,"SPC Geoscience, Energy and Maritime Division (GEM) Dataset",https://pacificdata.org/data/dataset/ws-soils-vs30-387
page-02.html,Shear Wave Velocity for Surface Soil in Solomon Islands,"SPC Geoscience, Energy and Maritime Division (GEM) Dataset",https://pacificdata.org/data/dataset/sb-soil-vs30-14
page-02.html,Shear Wave Velocity for Surface Soil in Timor Leste,"SPC Geoscience, Energy and Maritime Division (GEM) Dataset",https://pacificdata.org/data/dataset/tl-soilvs30-3-28
page-03.html,Shear Wave Velocity for Surface Soil in Tonga,"SPC Geoscience, Energy and Maritime Division (GEM) Dataset",https://pacificdata.org/data/dataset/to-soils-vs30-477
page-02.html,Shear Wave Velocity for Surface Soil in Tuvalu,"SPC Geoscience, Energy and Maritime Division (GEM) Dataset",https://pacificdata.org/data/dataset/tv-soilvs30-3-33
page-02.html,Shear Wave Velocity of Surface Soil for Papua New Guinea,"SPC Geoscience, Energy and Maritime Division (GEM) Dataset",https://pacificdata.org/data/dataset/pg-soils-vs30-49
page-03.html,Shear Wave for Surface Soil in Vanuatu,"SPC Geoscience, Energy and Maritime Division (GEM) Dataset",https://pacificdata.org/data/dataset/vu-soils-vs30-345
page-11.html,Signed treaty between Fiji and Solomon Islands,Forum Fisheries Agency (FFA) Dataset,https://pacificdata.org/data/dataset/provisional-treaty-between-fiji-and-solomon-islands
page-05.html,Solomon Islands Archipelagic Baselines (ASB),"Solomon Islands Ministry of Mines, Energy & Rural Electrification Dataset",https://pacificdata.org/data/dataset/solomon-islands-archipelagic-baselines-asb
page-06.html,Solomon Islands PEBACC Project Resources,Solomon Islands Environment Data Portal Dataset,https://pacificdata.org/data/dataset/solomon-islands-pebacc-project-resources20396549-253e-4e01-8d21-cd1766ba9ee6
page-01.html,Telecommunication Assets in Samoa,"SPC Geoscience, Energy and Maritime Division (GEM) Dataset",https://pacificdata.org/data/dataset/pcrafi-ii-samoa-telecommunicationshp-89
page-03.html,Telecommunication Assets in Solomon Islands,"SPC Geoscience, Energy and Maritime Division (GEM) Dataset",https://pacificdata.org/data/dataset/pcrafi-ii-solomon-telecommunication-376
page-02.html,Telecommunication Assets in Tonga,"SPC Geoscience, Energy and Maritime Division (GEM) Dataset",https://pacificdata.org/data/dataset/pcrafi-ii-tonga-telecommunication-261
page-02.html,Telecommunication Assets in Vanuatu,"SPC Geoscience, Energy and Maritime Division (GEM) Dataset",https://pacificdata.org/data/dataset/pcrafi-ii-vanuatu-telecommunications-191
page-05.html,Telecommunication on Cook Islands in 2024,"SPC Geoscience, Energy and Maritime Division (GEM) Dataset",https://pacificdata.org/data/dataset/ck-telecommunication-2024-898
page-06.html,Telecommunication on Tonga in 2024,"SPC Geoscience, Energy and Maritime Division (GEM) Dataset",https://pacificdata.org/data/dataset/to-telecommunication-2024-899
page-06.html,Telecommunication on Vanuatu in 2024,"SPC Geoscience, Energy and Maritime Division (GEM) Dataset",https://pacificdata.org/data/dataset/vu-telecommunication-2024-900
page-09.html,Timeline of Natural Disasters in the FSM,Federated States of Micronesia Environment Data Portal Dataset,https://pacificdata.org/data/dataset/timeline-of-natural-disasters-in-the-fsme60c4b97-b46c-4793-9c92-9f0ec0715e35
page-02.html,Tropical Cyclone Wind Hazard Map for Vanuatu (50 MRP),"SPC Geoscience, Energy and Maritime Division (GEM) Dataset",https://pacificdata.org/data/dataset/van-w50-tr-38
page-02.html,Water Assets in Samoa,"SPC Geoscience, Energy and Maritime Division (GEM) Dataset",https://pacificdata.org/data/dataset/pcrafi-ii-samoa-watershp-180
page-02.html,Water Assets in Solomon Islands,"SPC Geoscience, Energy and Maritime Division (GEM) Dataset",https://pacificdata.org/data/dataset/pcrafi-ii-solomon-water-188
page-03.html,Water Assets in Tonga,"SPC Geoscience, Energy and Maritime Division (GEM) Dataset",https://pacificdata.org/data/dataset/pcrafi-ii-tonga-water-418
page-02.html,Water Assets in Vanuatu,"SPC Geoscience, Energy and Maritime Division (GEM) Dataset",https://pacificdata.org/data/dataset/pcrafi-ii-vanuatu-water-170
